Firstname,Lastname,Email,Language,Birthdate,IP,City,Origin
Elise,Jacobi,christiansen.velma@example.org,ga,1993-09-16,192.168.159.224,"South Dianashire",laboriosam
Sigmund,Heathcote,melyssa59@example.org,gn,1997-05-17,10.17.138.133,Chadhaven,ipsum
Shaina,Toy,vkuphal@example.net,bs,1973-01-20,10.87.94.221,"West Ashlynn",ad
Jenifer,Hackett,fjacobson@example.org,ug,2009-03-05,10.47.238.120,"North Careyville",omnis
Brandt,Harris,elyssa23@example.org,bh,2016-03-24,192.168.34.179,Stehrstad,eum
Pauline,Hudson,kailee.ruecker@example.org,th,1974-11-15,192.168.3.0,Ferryburgh,dolorem
Omer,Sanford,haven.crist@example.net,sl,2012-10-23,172.31.21.228,"East Jaqueline",odit
Heather,Strosin,lue85@example.net,co,1983-07-03,192.168.138.212,"East Kaiaborough",officiis
Eudora,Braun,hgraham@example.org,mi,2009-02-17,10.186.68.221,Janeburgh,vitae
dds,sfsdf,juliette.delpech@gmail.com,dfrr,12,127.0.0.1,test,trst
test,test,test@test.com,fr,2023-01-01,127.0.0.1,test,test
test,test,test2@test.com,fr,2023-12-11,127.0.0.1,test,test
test,test,test3@test.com,fr,2023-12-11,127.0.0.1,test,test
test,test,test4@test.com,fr,1983-12-11,127.0.0.1,test,test
